rank,chord_index,width_px,median_px,sd_px,length_px
1,0,378.0,386.0,5.6,4521
1,1,376.0,386.0,5.6,4521
1,2,380.0,386.0,5.6,4521
1,3,382.0,386.0,5.6,4521
1,4,384.0,386.0,5.6,4521
1,5,380.0,386.0,5.6,4521
1,6,386.0,386.0,5.6,4521
1,7,398.0,386.0,5.6,4521
1,8,390.0,386.0,5.6,4521
1,9,398.0,386.0,5.6,4521
1,10,386.0,386.0,5.6,4521
1,11,378.0,386.0,5.6,4521
1,12,378.0,386.0,5.6,4521
1,13,384.0,386.0,5.6,4521
1,14,382.0,386.0,5.6,4521
1,15,386.0,386.0,5.6,4521
1,16,386.0,386.0,5.6,4521
1,17,382.0,386.0,5.6,4521
1,18,386.0,386.0,5.6,4521
1,19,388.0,386.0,5.6,4521
1,20,392.0,386.0,5.6,4521
1,21,390.0,386.0,5.6,4521
1,22,386.0,386.0,5.6,4521
1,23,386.0,386.0,5.6,4521
1,24,390.0,386.0,5.6,4521
2,0,272.0,422.0,46.4,2528
2,1,360.0,422.0,46.4,2528
2,2,428.0,422.0,46.4,2528
2,3,422.0,422.0,46.4,2528
2,4,418.0,422.0,46.4,2528
2,5,424.0,422.0,46.4,2528
2,6,422.0,422.0,46.4,2528
2,7,422.0,422.0,46.4,2528
2,8,422.0,422.0,46.4,2528
2,9,424.0,422.0,46.4,2528
2,10,428.0,422.0,46.4,2528
2,11,424.0,422.0,46.4,2528
2,12,418.0,422.0,46.4,2528
2,13,418.0,422.0,46.4,2528
2,14,426.0,422.0,46.4,2528
2,15,408.0,422.0,46.4,2528
2,16,424.0,422.0,46.4,2528
2,17,414.0,422.0,46.4,2528
2,18,424.0,422.0,46.4,2528
2,19,426.0,422.0,46.4,2528
2,20,424.0,422.0,46.4,2528
2,21,420.0,422.0,46.4,2528
2,22,412.0,422.0,46.4,2528
2,23,332.0,422.0,46.4,2528
2,24,254.0,422.0,46.4,2528
3,0,408.0,412.0,66.4,1920
3,1,412.0,412.0,66.4,1920
3,2,412.0,412.0,66.4,1920
3,3,414.0,412.0,66.4,1920
3,4,420.0,412.0,66.4,1920
3,5,414.0,412.0,66.4,1920
3,6,412.0,412.0,66.4,1920
3,7,414.0,412.0,66.4,1920
3,8,412.0,412.0,66.4,1920
3,9,412.0,412.0,66.4,1920
3,10,414.0,412.0,66.4,1920
3,11,408.0,412.0,66.4,1920
3,12,408.0,412.0,66.4,1920
3,13,412.0,412.0,66.4,1920
3,14,412.0,412.0,66.4,1920
3,15,414.0,412.0,66.4,1920
3,16,418.0,412.0,66.4,1920
3,17,416.0,412.0,66.4,1920
3,18,384.0,412.0,66.4,1920
3,19,342.0,412.0,66.4,1920
3,20,302.0,412.0,66.4,1920
3,21,260.0,412.0,66.4,1920
3,22,222.0,412.0,66.4,1920
3,23,182.0,412.0,66.4,1920
